benchmark,selected_patch,score,router_overhead_ms,apply_latency_ms,revert_latency_ms
gsm8k,gsm8k,0.49000000000000005,0.05,0.0705420970916748,0.02691708505153656
humaneval_plus,humaneval_plus,0.45,0.05,0.022166408598423004,0.01470884308218956
ifeval,ifeval,0.6799999999999999,0.05,0.01987488940358162,0.013458076864480972
bfcl,bfcl,0.5599999999999999,0.05,0.022250227630138397,0.015125144273042679
